Gene_id,Protein IDs,Gene_desc,iBAQ DEAC2,iBAQ SM,fc2_log,log10_intensity
Tb927.11.17650,Tb927.11.17650:mRNA-p1,"variant surface glycoprotein (VSG), frameshifted, interrupted and point mutation",1156771.33,376.73,11.584285157460178,7.4055853869044945
Tb927.3.2610,Tb927.3.2610:mRNA-p1,GPI inositol deacylase 2,278921.33,376.73,9.532111627261477,6.989280694676347
Tb927.10.5820,Tb927.10.5820:mRNA-p1,predicted RanGDP binding protein,81666.33,376.73,7.760066662262235,6.627130208402095
Tb927.7.1220,Tb927.7.1220:mRNA-p1,"hypothetical protein, conserved",48902.33,376.73,7.020228471767933,6.435987621326213
Tb927.6.1960,Tb927.6.1960:mRNA-p1,"glycosyltransferase family 28 protein, putative",95474.33,376.73,7.985438156953681,6.359323129976207
Tb927.8.8180,Tb927.8.8180:mRNA-p1;Tb927.4.4150:mRNA-p1,RNA editing mediator complex protein 4,49785.33,376.73,7.04604595933059,6.358353701033265
Tb927.8.1090,Tb927.8.1090:mRNA-p1,NPAPL,54940.33,376.73,7.188190842328538,6.329601248356519
Tb11.v5.0552,Tb11.v5.0552.1-p1,"75 kDa invariant surface glycoprotein, putative",58443.33,376.73,7.277363649072119,6.2706089708231785
Tb927.3.5420,Tb927.3.5420:mRNA-p1,protein transport protein Sec24,36542.33,376.73,6.599893891860984,6.18400964970128
Tb927.3.5040,Tb927.3.5040:mRNA-p1,"hypothetical protein, conserved",48966.33,376.73,7.022115337201226,6.179752806897498
Tb927.5.4420,Tb927.5.4420:mRNA-p1;Tb05.5K5.70:mRNA-p1,"nucleolar RNA helicase II, putative",124241.33,13700.73,3.180820509149213,6.740030919743484
Tb927.9.4500,Tb927.9.4500:mRNA-p1,"heat shock protein, putative",28271.33,376.73,6.229665021409467,6.138902399933594
Tb11.v5.0731,Tb11.v5.0731.1-p1,"65 kDa invariant surface glycoprotein, putative",64574.33,376.73,7.421286035853728,6.131137273778607
Tb927.7.190,Tb927.7.190:mRNA-p1,"thimet oligopeptidase, putative",33580.33,376.73,6.4779416742878615,6.125936466966094
Tb927.9.6250,Tb927.9.6250:mRNA-p1,arginine kinase,68361.33,376.73,7.503505731876233,6.112470939338139
Tb927.11.7690,Tb927.11.7690.1-p1;Tb11.0320:mRNA-p1,hypothetical protein,26598.33,1399.03,4.24883686339294,6.110623375233331
Tb927.9.12650,Tb927.9.12650:mRNA-p1;Tb11.v5.0675.1-p1,"ubiquitin-activating enzyme E1, putative",21610.33,376.73,5.84204636932106,6.094610863032137
Tb927.1.1500,Tb927.1.1500:mRNA-p1,"conserved protein, unknown function",42290.33,376.73,6.810653084369029,6.086857915659847
Tb927.10.5930,Tb927.10.5930:mRNA-p1;Tb927.10.5950:mRNA-p1;Tb927.10.5940:mRNA-p1;Tb11.v5.0190.1-p1,"NEK family Serine/threonine-protein kinase, putative",231051.33,41279.73,2.4847079544981536,6.832170286495919
Tb927.5.309b,Tb927.5.309b:mRNA-p1;Tb11.v5.0216.1-p1,"invariant surface glycoprotein, putative",1125571.33,201266.73,2.4834768713145197,7.401383306531581
Tb927.5.390,Tb927.5.390:mRNA-p1;Tb11.v5.0228.1-p1,"75 kDa invariant surface glycoprotein, putative",1955171.33,280876.73,2.7992860246949487,7.867891557583223
Tb927.5.360,Tb927.5.360:mRNA-p1;Tb11.v5.0231.1-p1,75 kDa invariant surface glycoprotein,5101071.33,760426.73,2.745919123947828,8.299441920802092
Tb11.v5.0232,Tb11.v5.0232.1-p1;Tb927.10.5250:mRNA-p1,"hypothetical protein, conserved",259311.33,46282.73,2.486139372896919,7.052578525044658
Tb927.1.3010,Tb927.1.3010:mRNA-p1,"mRNA processing protein, putative",56537.33,376.73,7.229529019194156,6.073241647611998
Tb927.1.1240,Tb927.1.1240:mRNA-p1;Tb11.v5.0356.1-p1,"cytidine triphosphate synthase, putative",30157.33,5883.129999999999,2.35785288319541,6.027268042466619
Tb927.5.2940,Tb927.5.2940:mRNA-p1,"stress-induced protein sti1, putative",35053.33,376.73,6.539876770361462,6.061113053917979
Tb927.10.15850,Tb927.10.15850:mRNA-p1;Tb11.v5.0427.1-p1,Peroxisome biogenesis factor 12,107221.33,22710.73,2.2391459508501637,6.492103563305144
Tb927.3.5520,Tb927.3.5520:mRNA-p1,26S proteasome regulatory non-ATPase subunit,24408.33,376.73,6.017698856678416,6.047235915459681
Tb11.v5.0546,Tb11.v5.0546.1-p1;Tb927.6.190:mRNA-p1;Tb927.6.180:mRNA-p1;Tb11.v5.0456.1-p1;Tb927.6.170:mRNA-p1,"receptor-type adenylate cyclase GRESAG 4, putative",10767.33,2023.33,2.4118570016599064,5.803893921802313
Tb927.1.1560,Tb927.1.1560:mRNA-p1;Tb11.v5.0464.1-p1;Tb927.10.9740:mRNA-p1;Tb927.11.8350:mRNA-p1,"vesicular-fusion protein nsf, putative",41228.33,3404.33,3.598193227322254,6.246350836456256
Tb927.2.3620,Tb927.2.3620:mRNA-p1,"GTP-binding elongation factor Tu family, putative",26670.33,376.73,6.145560942215282,6.046456142412592
Tb927.11.11480,Tb927.11.11480:mRNA-p1,"Trichohyalin, putative",65221.33,376.73,7.435669127287608,6.043715858061207
Tb927.7.7320,Tb927.7.7320:mRNA-p1,"hypothetical protein, conserved",44804.33,376.73,6.893963430913882,6.029870564003953
Tb927.3.720,Tb927.3.720:mRNA-p1,zinc finger protein 3,173931.33,376.73,8.850771187837008,6.018117720591
Tb927.10.10970,Tb927.10.10970:mRNA-p1;Tb927.10.10960:mRNA-p1;Tb927.10.10950:mRNA-p1;Tb927.10.10940:mRNA-p1;Tb927.10.10920:mRNA-p1;Tb927.10.10900:mRNA-p1;Tb927.10.10890:mRNA-p1;Tb11.v5.0543.1-p1;Tb927.10.10980:mRNA-p1;Tb927.10.10930:mRNA-p1;Tb927.10.10910:mRNA-p1,"heat shock protein, putative",611721.33,44787.73,3.771699129734097,7.335397717145591
Tb927.7.4890,Tb927.7.4890:mRNA-p1;Tb11.v5.0170.1-p1,Present in the outer mitochondrial membrane proteome 34,29857.33,376.73,6.308410424154401,6.016615547557177
Tb927.3.4120,Tb927.3.4120:mRNA-p1,"hypothetical protein, conserved",35412.33,376.73,6.554577037152901,6.009450895798694
Tb927.11.12440,Tb927.11.12440:mRNA-p1,"Plus-3 domain/Zinc finger, C3HC4 type (RING finger), putative",65939.33,376.73,7.45146449438416,5.994105894252773
Tb927.2.830,Tb927.2.830:pseudogenic_transcript-p1;Tb11.v5.0655.1-p1;Tb927.4.110:pseudogenic_transcript-p1,"retrotransposon hot spot protein 1 (RHS1), interrupted",466871.33,50135.73,3.2191139632439802,7.014058277424336
Tb927.10.8230,Tb927.10.8230:mRNA-p1;Tb11.v5.0668.1-p1,protein disulfide isomerase 2,2502371.33,196006.73,3.6743207926647607,7.893406638017588
Tb927.1.1730,Tb927.1.1730:mRNA-p1,"Polyadenylation mediator complex protein PAMC1, putative",28509.33,376.73,6.241759401102111,5.983842703963149
Tb927.8.6360,Tb927.8.6360:mRNA-p1,"SPRY domain containing protein, putative",18351.33,376.73,5.606209891503963,5.975606410341007
Tb927.10.9400,Tb927.10.9400:mRNA-p1,splicing factor 1,56999.33,376.73,7.2412702275005145,5.95868330972675
Tb927.2.560,Tb927.2.560:mRNA-p1;Tb927.6.5180:pseudogenic_transcript-p1,"retrotransposon hot spot protein 4 (RHS4), putative",18209.33,376.73,5.595003106618715,5.946383479897064
Tb11.v5.0807,Tb11.v5.0807.1-p1;Tb927.9.13510:mRNA-p1,"ribonuclease, putative",638701.33,88750.73,2.847310563467935,7.292831794508626
Tb927.11.11330,Tb927.11.11330:mRNA-p1;Tb11.v5.1035.1-p1;Tb11.v5.1034.1-p1;Tb927.11.11290:mRNA-p1,heat shock protein 70,11678171.33,1298676.73,3.1687001209476695,8.644615816355383
Tb927.10.14740,Tb927.10.14740:mRNA-p1;Tb927.10.14620:mRNA-p1;Tb11.v5.1063.1-p1,"hypothetical protein, conserved",84171.33,3776.63,4.478157560070737,6.220265033587232
Tb927.1.120,Tb927.1.120:mRNA-p1,"retrotransposon hot spot protein 4 (RHS4), putative",310681.33,58965.73,2.3974869167629222,7.220369632451394
Tb927.10.9770,Tb927.10.9770:mRNA-p1;Tb11.v5.0848.1-p1,gamma-tubulin complex component 2,23204.33,376.73,5.944719308163445,5.9421271574609165
Tb927.10.13250,Tb927.10.13250:mRNA-p1,"hypothetical protein, conserved",10378.33,376.73,4.783899581443491,5.938314537613885
Tb927.8.760,Tb927.8.760:mRNA-p1,nucleolar RNA-binding protein,108061.33,376.73,8.164103704830666,5.936061116609989
Tb927.5.910,Tb927.5.910:mRNA-p1;Tb927.5.900:mRNA-p1;Tb11.v5.0559.1-p1,"oligosaccharyl transferase subunit, putative",22854.33,376.73,5.922792791675811,5.9354921509045475
Tb927.1.2190,Tb927.1.2190:mRNA-p1,"Raptor N-terminal CASPase like domain containing protein, putative",4683.03,1135.69,2.043873192201167,5.547934614422378
Tb927.1.2570,Tb927.1.2570:mRNA-p1,coatomer beta subunit,18201.33,1510.13,3.5912992194364945,6.014856420044506
Tb927.7.270,Tb927.7.270:mRNA-p1,Ribosome production factor 2 homolog,34358.33,376.73,6.510985181743756,5.931798459940047
Tb927.9.5210,Tb927.9.5210:mRNA-p1,"glutaminyl-tRNA synthetase, putative",27543.33,376.73,6.192028258762463,5.928662083291611
Tb927.10.1040,Tb927.10.1040:mRNA-p1;Tb927.10.1030:mRNA-p1,"serine peptidase, Clan SC, Family S10",52178.33,376.73,7.113776036856687,5.920185960401147
Tb927.11.2530,Tb927.11.2530:mRNA-p1,"Mitochondrial SSU ribosomal protein, putative",20234.33,376.73,5.7471303455354805,5.915178145976426
Tb927.11.190,Tb927.11.190:mRNA-p1,"elongation factor, putative",21763.33,376.73,5.852224586091277,5.914083878403559
Tb927.1.5100,Tb927.1.5100:mRNA-p1;Tb927.3.5810:pseudogenic_transcript-p1;Tb927.1.4890:mRNA-p1;Tb11.v5.0676.1-p1;Tb927.6.540:mRNA-p1;Tb927.3.570:mRNA-p1;Tb11.01.6241.1-p1;Tb11.01.6240.1-p1;Tb927.6.500:mRNA-p1;Tb927.6.470:mRNA-p1;Tb927.9.7410:mRNA-p1;Tb927.9.7330:mRNA-p1;Tb927.3.2510.2-p1;Tb11.v5.0789.1-p1;Tb11.v5.0816.1-p1;Tb927.10.100:pseudogenic_transcript-p1;Tb927.3.2510.1-p1;Tb927.1.2040:mRNA-p1,"expression site-associated gene 2 (ESAG2) protein, putative",75279.33,8771.63,3.101336924419395,6.264132797169259
Tb927.1.560,Tb927.1.560:mRNA-p1,"WD domain, G-beta repeat, putative",72618.33,7180.83,3.33811123947442,6.260739019910411
Tb09.v4.0067,Tb09.v4.0067:pseudogenic_transcript-p1,"retrotransposon hot spot protein, pseudogene",27114.33,376.73,6.169380787855224,5.892845616488378
Tb927.6.2700,Tb927.6.2700:mRNA-p1,small nuclear ribonucleoprotein Sm-E,150941.33,376.73,8.646241252701758,5.87727917811011
Tb927.10.15320,Tb927.10.15320:mRNA-p1,"hypothetical protein, conserved",246501.33,376.73,9.353848791901921,5.86863268466387
Tb927.10.10390,Tb927.10.10390:mRNA-p1,trypanothione reductase,3185771.33,769906.73,2.048887129170112,7.898192954531043
Tb927.10.7310,Tb927.10.7310:mRNA-p1,"terminal uridylyltransferase 3, putative",19688.33,376.73,5.707666010725931,5.858621401632482
Tb927.10.10850,Tb927.10.10850:mRNA-p1,Protein argonaute-1,87475.33,13341.73,2.712930451505938,6.757039031743558
Tb927.10.11140,Tb927.10.11140:mRNA-p1,"hypothetical protein, conserved",113491.33,23711.73,2.2589092588741906,7.004880007240635
Tb927.11.4160,Tb927.11.4160:mRNA-p1,predicted C2 domain protein,13481.33,376.73,5.161288098871963,5.85656577281353
Tb927.10.9980,Tb927.10.9980:mRNA-p1,"hypothetical protein, conserved",42223.33,376.73,6.808365629583862,5.854233147099496
Tb927.10.11720,Tb927.10.11720:mRNA-p1,"CW-type Zinc Finger, putative",12346.33,1187.13,3.3785324230840006,5.776221597616025
Tb927.8.4200,Tb927.8.4200:mRNA-p1,"hypothetical protein, conserved",20443.33,376.73,5.761955481339768,5.82540015020634
Tb927.11.11340,Tb927.11.11340:mRNA-p1;Tb11.v5.1036.1-p1,gamma-tubulin complex component 3,14290.33,376.73,5.245364498626756,5.812545721136587
Tb927.10.12510,Tb927.10.12510:mRNA-p1,"P-type H+-ATPase, putative",485511.33,98580.73,2.300127393628533,7.378851946448881
Tb927.11.14960,Tb927.11.14960:mRNA-p1,"pumilio/PUF RNA binding protein 7, putative",16600.33,376.73,5.46153718768641,5.806675058827879
Tb927.6.2980,Tb927.6.2980:mRNA-p1,"Eukaryotic translation initiation factor 2-alpha kinase 3, putative",16390.33,376.73,5.443170168013251,5.8010948600705445
Tb927.10.12890,Tb927.10.12890:mRNA-p1,"bifunctional aminoacyl-tRNA synthetase, putative",111571.33,2381.5299999999997,5.549933819122668,6.707842589142404
Tb927.7.2560,Tb927.7.2560:mRNA-p1,"hypothetical protein, conserved",10330.33,376.73,4.777211607815286,5.785016460383313
Tb927.8.4360,Tb927.8.4360:mRNA-p1,"hypothetical protein, conserved",10254.33,376.73,4.766558498041793,5.78172666001846
Tb927.11.16550,Tb927.11.16550:mRNA-p1,"Zinc finger protein, C3H1 type-like",23669.33,376.73,5.973344135069941,5.768970908138364
Tb927.10.13610,Tb927.10.13610:mRNA-p1,"zinc-finger of a C2HC-type/Double zinc ribbon, putative",26638.33,1907.03,3.8041041959940496,6.049179244645967
Tb927.11.4020,Tb927.11.4020:mRNA-p1,"Complex1_LYR-like, putative",53317.33,376.73,7.144929801953953,5.766866239874779
Tb927.10.14000,Tb927.10.14000:mRNA-p1,aconitase,50900.33,3716.23,3.7757633107234123,6.431910309457633
Tb927.9.5680,Tb927.9.5680:mRNA-p1,"inositol/phosphatidylinositol phosphatase, putative",14421.33,376.73,5.258529488865516,5.7448794713710285
Tb927.9.2730,Tb927.9.2730:mRNA-p1,"hypothetical protein, conserved",9117.23,376.73,4.596992742280855,5.736953953783146
Tb927.2.270,Tb927.2.270:pseudogenic_transcript-p1,"retrotransposon hot spot protein 3 (RHS3), frameshift",23488.33,376.73,5.9622694089407355,5.729399698911028
Tb927.1.1670,Tb927.1.1670:mRNA-p1;Tb11.v5.0887.1-p1,ARM-like helical domain-containing protein,8760.13,376.73,4.539349450955279,5.7263277677991145
Tb927.10.15530,Tb927.10.15530:mRNA-p1;Tb11.v5.0748.1-p1,"ABC transport system ATP-binding protein, putative",104261.33,15127.73,2.784936744274199,6.53735308003993
Tb927.10.15640,Tb927.10.15640:mRNA-p1,"WD domain, G-beta repeat, putative",187101.33,27337.73,2.774854455701636,6.792580776571175
Tb927.10.15870,Tb927.10.15870:mRNA-p1,"RNA binding protein, putative",141161.33,21302.73,2.728234695625628,5.987433864144195
Tb927.11.17040,Tb927.11.17040:mRNA-p1;Tb927.10.16190:mRNA-p1;Tb927.10.15990:pseudogenic_transcript-p1,procyclic-enriched flagellar receptor adenylate cyclase 1,9468.23,1556.43,2.6048540586405076,5.776090709365988
Tb927.4.3810,Tb927.4.3810:mRNA-p1,"DNA-directed RNA polymerase II subunit 2, putative",7631.53,376.73,4.340369494823951,5.698822319104259
Tb927.10.1980,Tb927.10.1980:mRNA-p1;Tb11.v5.0642.1-p1,"hypothetical protein, conserved",20238.33,2636.93,2.940159069514237,5.917037879296558
Tb927.10.2050,Tb927.10.2050:mRNA-p1,"hypothetical protein, conserved",22756.33,376.73,5.91659317379799,5.696242775719619
Tb927.10.2260,Tb927.10.2260:mRNA-p1,"Ubiquitin family, putative",51290.33,4224.63,3.6017899551385124,6.271586064027271
Tb927.10.2380,Tb927.10.2380:mRNA-p1,"Tetratricopeptide repeat, putative",13221.33,1150.0900000000001,3.523048643654133,5.793832276028752
Tb927.10.2520,Tb927.10.2520:mRNA-p1,PrimPol-like protein 2,33286.33,3123.53,3.413680522751792,6.08611057380132
Tb927.9.12360,Tb927.9.12360:mRNA-p1,"RNA-binding protein, putative",17270.33,376.73,5.518620916341763,5.695376592532294
Tb927.10.13550,Tb927.10.13550:mRNA-p1,"hypothetical protein, conserved",9353.43,376.73,4.633892684724856,5.695341558895207
Tb927.11.15070,Tb927.11.15070:mRNA-p1,Basal body protein,8724.03,376.73,4.533391902524538,5.687974620034556
Tb927.10.2930,Tb927.10.2930:mRNA-p1,"hypothetical protein, conserved",133431.33,26395.73,2.3377209837638064,6.78193479811377
Tb927.10.2990,Tb927.10.2990:mRNA-p1;Tb11.v5.1039.1-p1,nuclear cap binding complex subunit CBP110,118011.33,6836.23,4.109580629629517,6.775712366017232
Tb927.11.8290,Tb927.11.8290:mRNA-p1;Tb11.v5.1053.1-p1,"DIS3-like exonuclease, putative",9341.73,376.73,4.632086919576859,5.678390894445093
Tb927.10.3170,Tb927.10.3170:mRNA-p1;Tb11.v5.0791.1-p1,"ABC transporter, putative",17466.33,3980.23,2.133652797805342,5.899902540235211
Tb927.10.3470,Tb927.10.3470:mRNA-p1,"Ankyrin repeats (3 copies), putative",42313.33,3720.63,3.5074933951025793,6.214181308663821
Tb927.10.12710,Tb927.10.12710:mRNA-p1,"heat shock protein 110, putative",10835.33,376.73,4.846068359030089,5.67138577074518
Tb927.11.13340,Tb927.11.13340:mRNA-p1,"hypothetical protein, conserved",12539.33,376.73,5.056785530605362,5.660514486954972
Tb927.7.3730,Tb927.7.3730:mRNA-p1,"RNA-binding protein, putative",30593.33,376.73,6.343542415155594,5.659279021054444
Tb927.11.16810,Tb927.11.16810:mRNA-p1,"dynein light intermediate chain D1bLIC, putative",23501.33,376.73,5.963067671197158,5.646658542120288
Tb927.1.180,Tb927.1.180:mRNA-p1;Tb927.1.220:mRNA-p1;Tb927.2.370:mRNA-p1,"retrotransposon hot spot protein 1 (RHS1), putative",8676.83,376.73,4.525565234999034,5.645697300920533
Tb927.10.4570,Tb927.10.4570:mRNA-p1;Tb927.10.4560:mRNA-p1,elongation factor 2,309471.33,18189.73,4.088609728118176,7.204879333760662
Tb927.1.4050,Tb927.1.4050:mRNA-p1,"ser/thr protein phosphatase, putative",9733.33,376.73,4.691330640627549,5.643304596306801
Tb927.8.3020,Tb927.8.3020:mRNA-p1,"hypothetical protein, conserved",15864.33,376.73,5.39611185936037,5.6428501686649675
Tb927.9.15660,Tb927.9.15660:mRNA-p1;Tb09.v4.0009:mRNA-p1,procyclic-enriched flagellar receptor adenylate cyclase 6,6766.63,376.73,4.166834675425921,5.638778690142226
Tb927.11.10160,Tb927.11.10160:mRNA-p1;Tb927.10.9800:mRNA-p1,"60S ribosomal protein L22, putative",142931.33,376.73,8.567575545528195,5.631727794003285
Tb927.10.5770,Tb927.10.5770:mRNA-p1,Valosin-containing protein,123671.33,11455.73,3.432369787173493,6.741773825566559
Tb927.8.8050,Tb927.8.8050:mRNA-p1,Nucleoporin NUP75,19323.33,376.73,5.680669002339139,5.62463269092047
Tb927.3.1200,Tb927.3.1200.2:mRNA-p1;Tb927.3.1200.1:mRNA-p1,"hypothetical protein, conserved",9661.73,376.73,4.680678708208905,5.620739689951964
Tb927.10.640,Tb927.10.640:mRNA-p1,"arginine N-methyltransferase, type II",12682.33,2195.23,2.5303758142937722,5.66138669778177
Tb927.10.6800,Tb927.10.6800:mRNA-p1,"developmentally regulated GTP-binding protein, putative",117401.33,17599.73,2.737823550793227,6.470983487381527
Tb927.10.6970,Tb927.10.6970:mRNA-p1;Tb927.10.6940:mRNA-p1,"serine peptidase, Clan SC, Family S9B",37119.33,2583.23,3.8449226643843057,6.2055562056939175
Tb927.9.12890,Tb927.9.12890:mRNA-p1,"hypothetical protein, conserved",81147.33,376.73,7.750868892709245,5.607326324300732
Tb927.10.7140,Tb927.10.7140:mRNA-p1,membrane-bound acid phosphatase 2,126881.33,8043.030000000001,3.9795968874637544,6.450557009418329
Tb927.3.1260,Tb927.3.1260:mRNA-p1,"hypothetical protein, conserved",40222.33,376.73,6.738321922850547,5.602613364092169
Tb927.10.7970,Tb927.10.7970:mRNA-p1,"Organic solute transporter Ostalpha, putative",26790.33,376.73,6.1520376185475,5.601277556858066
Tb927.5.3610,Tb927.5.3610:mRNA-p1,"adaptor complex protein (AP) 3 delta subunit 1, putative",6824.43,376.73,4.179105723613986,5.601179653358781
Tb927.10.7480,Tb927.10.7480:mRNA-p1,"hypothetical protein, conserved",49851.33,376.73,7.047957261588722,5.5992715741604675
Tb927.4.450,Tb927.4.450:mRNA-p1,"coatomer alpha subunit, putative",6369.63,376.73,4.079606742864499,5.598451252655753
Tb927.10.7810,Tb927.10.7810:mRNA-p1,"Pre-rRNA-processing protein ESF1, putative",99078.33,9932.13,3.318394501711574,6.415490852171469
Tb927.3.1780,Tb927.3.1780:mRNA-p1,U6 snRNA-associated Sm-like protein LSm8p,43969.33,376.73,6.86682281540075,5.595694585164155
Tb927.7.4220,Tb927.7.4220:mRNA-p1,"WD domain, G-beta repeat/Dip2/Utp12 Family, putative",7095.53,376.73,4.235307621721812,5.580731152740977
Tb927.11.2720,Tb927.11.2720:mRNA-p1;Tb11.v5.0482.1-p1,"hypothetical protein, conserved",23698.33,376.73,5.975110663600722,5.57569576474537
Tb927.8.7990,Tb927.8.7990:mRNA-p1,"Thioredoxin-like/Protein of unknown function (DUF3638)/Protein of unknown function (DUF3645), putative",1667.6299999999999,376.73,2.1461964024317757,5.55884051842334
Tb927.10.930,Tb927.10.930:mRNA-p1,"hypothetical protein, conserved",13919.33,1546.13,3.17035623688141,5.6650647837821895
Tb927.8.7760,Tb927.8.7760:mRNA-p1,"hypothetical protein, conserved",7096.93,376.73,4.23559224793373,5.556459301020744
Tb927.6.410,Tb927.6.410:mRNA-p1,"hypothetical protein, conserved",8117.53,376.73,4.429437982726945,5.543608690196552
Tb927.10.9820,Tb927.10.9820:mRNA-p1;Tb11.v5.0565.1-p1,mitochondrial intermediate peptidase,16126.33,1836.53,3.134363781990398,5.820700512741811
Tb927.10.8290,Tb927.10.8290:mRNA-p1;Tb927.10.8270:mRNA-p1;Tb11.v5.0877.1-p1,eukaryotic translation initiation factor 3 subunit c,10065.13,376.73,4.739691072371141,5.539427408845252
Tb927.10.9890,Tb927.10.9890:mRNA-p1,"hypothetical protein, conserved",18225.33,2548.43,2.838264306080284,5.99610433010596
Tb927.9.10640,Tb927.9.10640:mRNA-p1,"synaptojanin (N-terminal domain), putative",10315.33,376.73,4.775115241855458,5.537680602289166
Tb927.3.4700,Tb927.3.4700.2-p1;Tb927.3.4700.1-p1,"Domain of unknown function (DUF4379), putative",17378.33,376.73,5.527614716911486,5.536735154369436
Tb927.11.10330,Tb927.11.10330:mRNA-p1,regulator of chromosome condensation 1-like protein,154591.33,15840.73,3.286748683519765,6.735311403800282
Tb927.7.1100,Tb927.7.1100:mRNA-p1,"hypothetical protein, conserved",7921.73,376.73,4.394212701465648,5.532779850062673
Tb927.10.11340,Tb927.10.11340:mRNA-p1;Tb11.v5.0604.1-p1,"hypothetical protein, conserved",4818.33,376.73,3.676930376351079,5.530494252365141
Tb927.4.3680,Tb927.4.3680:mRNA-p1,"protein phosphatase 2C, putative",22557.33,376.73,5.903921579456283,5.526067758480154
Tb927.8.2820,Tb927.8.2820:mRNA-p1,"hypothetical protein, conserved",7143.83,376.73,4.24509492083137,5.524629760313674
Tb927.10.14770,Tb927.10.14770:mRNA-p1,Associated kinase of Tb14-3-3,10945.33,376.73,4.860640718523201,5.523746466811565
Tb927.9.2130,Tb927.9.2130.1:mRNA-p1;Tb927.9.2130.2:mRNA-p1,"hypothetical protein, conserved",22913.33,376.73,5.926512407429101,5.502959418949363
Tb927.11.14590,Tb927.11.14590:mRNA-p1,G5-interacting protein,11067.33,376.73,4.876632479369763,5.499659594756
Tb927.11.16830,Tb927.11.16830:mRNA-p1,"Rab-like 5, small G protein",24248.33,376.73,6.008210657588803,5.495544337546448
Tb927.11.11720,Tb927.11.11720:mRNA-p1,"FG-GAP repeat protein, putative",219661.33,4464.23,5.620725746813731,6.691859164364127
Tb927.3.2800,Tb927.3.2800:mRNA-p1,hypothetical protein,8794.43,376.73,4.5449872456793665,5.491963684895695
Tb927.11.12150,Tb927.11.12150:mRNA-p1,flagellar pocket cytoskeletal protein bilbo1,112461.33,4381.63,4.681817540283222,6.609615749953064
Tb927.11.2360,Tb927.11.2360:mRNA-p1,"phenylalanyl-tRNA synthetase (beta subunit), putative",7547.93,376.73,4.324478214781339,5.491109449605496
Tb927.9.15810,Tb927.9.15810:mRNA-p1,"retrotransposon hot spot protein 3 (RHS3), putative",13516.33,376.73,5.165028745633151,5.487053488781427
Tb927.6.3020,Tb927.6.3020:mRNA-p1,"hypothetical protein, conserved",22035.33,376.73,5.870143768823053,5.4858633295973345
Tb927.9.3290,Tb927.9.3290:mRNA-p1,"4F5 protein family, putative",151211.33,376.73,8.648819603424993,5.480121972617975
Tb927.10.8020,Tb927.10.8020:mRNA-p1,prolyl endopeptidase,6869.03,376.73,4.188503556791477,5.479143247978613
Tb927.6.2690,Tb927.6.2690:mRNA-p1,"ubiquitin carboxyl-terminal hydrolase, putative",9381.23,376.73,4.638174262460872,5.469409608516755
Tb927.11.13190,Tb927.11.13190:mRNA-p1;Tb927.11.13090:mRNA-p1,"elongation factor 1 gamma, putative",342721.33,57849.73,2.566653852862386,7.0
Tb927.11.13130,Tb927.11.13130:mRNA-p1,membrane-bound acid phosphatase 1 precursor,1283571.33,39434.73,5.024552895732001,7.568530255057246
Tb927.8.4340,Tb927.8.4340:mRNA-p1,"hypothetical protein, conserved",73111.33,376.73,7.600420263031182,5.465025750305725
Tb927.11.13520,Tb927.11.13520:mRNA-p1,"hypothetical protein, conserved",1941371.33,460196.73,2.07675345421305,8.11277252110537
Tb927.8.4600,Tb927.8.4600:mRNA-p1,"Zinc finger, C3HC4 type (RING finger), putative",22320.33,376.73,5.888683623495176,5.459302000316065
Tb927.11.14300,Tb927.11.14300:mRNA-p1,"Dynein intermediate chain, axonemal",178091.33,37489.73,2.2480499430639793,6.837657869302957
Tb927.11.1450,Tb927.11.1450:mRNA-p1,"2-oxoglutarate dehydrogenase E1 component, putative",33594.33,1218.8400000000001,4.7846371001507455,6.2069607291557105
Tb927.2.2400,Tb927.2.2400:mRNA-p1,"glycosyltransferase (GlcNAc), putative",7340.63,376.73,4.284301057232893,5.457533716326554
Tb927.7.5230,Tb927.7.5230:mRNA-p1,lanosterol synthase,7708.73,376.73,4.354890369621787,5.457003340403883
Tb927.3.780,Tb927.3.780:mRNA-p1,proteasome alpha 7 subunit,20538.33,376.73,5.768644145214369,5.455042914079076
Tb927.7.6320,Tb927.7.6320:mRNA-p1,"BTB/POZ domain/Regulator of chromosome condensation (RCC1) repeat, putative",11469.33,376.73,4.928106382700541,5.450926202822742
Tb927.11.15400,Tb927.11.15400:mRNA-p1;Tb11.v5.0678.1-p1,"synaptobrevin, putative",58471.33,12847.73,2.1862159280122877,6.642246823807891
Tb927.5.1320,Tb927.5.1320:mRNA-p1,Kinetochore interacting protein 2,6688.63,376.73,4.150107912250191,5.447530124309636
Tb927.11.15990,Tb927.11.15990:mRNA-p1,Nucleoporin NUP109,23134.33,1468.33,3.9777871687984443,6.062431553162612
Tb927.11.16110,Tb927.11.16110:mRNA-p1,"integrin alpha chain protein, putative",588591.33,73416.73,3.003085528441393,7.297629218364148
Tb927.11.11900,Tb927.11.11900:mRNA-p1,Coatomer subunit gamma,6129.43,376.73,4.024150089651175,5.447204560401268
Tb927.10.12030,Tb927.10.12030:mRNA-p1,"hypothetical protein, conserved",27131.33,376.73,6.170285037761964,5.430719887863282
Tb927.11.6260,Tb927.11.6260:mRNA-p1,"hypothetical protein, conserved",7617.03,376.73,4.337625749263963,5.4282158115613255
Tb927.8.7020,Tb927.8.7020:mRNA-p1,"peptidase, putative",5300.33,376.73,3.8144793564909856,5.426039299392167
Tb927.3.3670,Tb927.3.3670:mRNA-p1,Triple RNA binding domain protein 3,10335.33,376.73,4.777909720079323,5.422047864705878
Tb927.2.1920,Tb927.2.1920:mRNA-p1,"expression site-associated gene 5 (ESAG5) protein, putative",17771.33,376.73,5.559876922506581,5.421603926869831
Tb927.8.6990,Tb927.8.6990:mRNA-p1;Tb927.4.5335:mRNA-p1,"hypothetical protein, conserved",52025.33,376.73,7.109539477413812,5.413752267682549
Tb927.11.5300,Tb927.11.5300:mRNA-p1,"Kinesin-13 3, putative",9727.43,376.73,4.690455864822079,5.411653370897312
Tb927.11.2070,Tb927.11.2070:mRNA-p1,"hypothetical protein, conserved",167031.33,21345.73,2.968099326722582,6.227989484044257
Tb927.11.2260,Tb927.11.2260:mRNA-p1,Eukaryotic translation initiation factor 4E-1,73447.33,16769.73,2.130850584979695,6.066586796470695
Tb927.11.3890,Tb927.11.3890:mRNA-p1,"N(2), N(2)-dimethylguanosine tRNA methyltransferase, putative",6743.53,376.73,4.161901160512549,5.408782494404144
Tb927.7.2420,Tb927.7.2420:mRNA-p1,"glycogen synthase kinase-3 alpha, putative",11305.33,376.73,4.907328370959875,5.408375661136076
Tb927.11.2650,Tb927.11.2650:mRNA-p1,"heat shock protein 84, putative",397811.33,48513.73,3.0356193547520816,7.311880953037904
Tb927.10.13630,Tb927.10.13630:mRNA-p1,"glucosidase, putative",6990.93,376.73,4.213881560813151,5.401968887695199
Tb927.11.3070,Tb927.11.3070:mRNA-p1,"ribosome assembly protein RRB1, putative",52804.33,3437.53,3.941212027280178,6.143764014612251
Tb927.11.3280,Tb927.11.3280:mRNA-p1;Tb927.9.3650:mRNA-p1,"Kinesin-13 5, putative",18359.33,2609.53,2.8146515175683122,5.912126362995724
Tb927.11.3300,Tb927.11.3300:mRNA-p1,Spindle assembly abnormal 4,180331.33,4763.030000000001,5.242626620472667,6.878895036410356
Tb927.11.3350,Tb927.11.3350:mRNA-p1,"phospholipid-transporting ATPase 1-like protein, putative",45377.33,6654.23,2.769628085198856,6.459859706104825
Tb927.11.3730,Tb927.11.3730:mRNA-p1,"leucyl-tRNA synthetase, putative",4365.73,376.73,3.5346200805706625,5.400831449116225
Tb927.3.2350,Tb927.3.2350:mRNA-p1,"hypothetical protein, conserved",25159.33,376.73,6.0614187696731445,5.397731497273984
Tb927.11.3830,Tb927.11.3830:mRNA-p1,"hypothetical protein, conserved",85866.33,19376.73,2.147767407736506,6.32095593690098
Tb927.7.3110,Tb927.7.3110:mRNA-p1,"transporter protein, putative",14738.33,376.73,5.289898328252699,5.393820795340868
Tb927.11.3970,Tb927.11.3970:mRNA-p1,"hypothetical protein, conserved",95947.33,8257.43,3.538477920356059,6.395815463483539
Tb927.4.3540,Tb927.4.3540:mRNA-p1,"hypothetical protein, conserved",13823.33,376.73,5.197430464950973,5.390475853937815
Tb927.10.5010,Tb927.10.5010:mRNA-p1,"Elongation factor G1, mitochondrial, putative",6801.53,376.73,4.1742564876642145,5.389732956015456
Tb927.9.10570,Tb927.9.10570:mRNA-p1,predicted zinc finger protein,16402.33,376.73,5.444226034860492,5.38642761768095
Tb927.10.9870,Tb927.10.9870:mRNA-p1,Component of motile flagella 12,17408.33,376.73,5.530103076642284,5.382575319649486
Tb927.11.2760,Tb927.11.2760:mRNA-p1,"hypothetical protein, conserved",12813.33,376.73,5.0879707263967155,5.3805549221542135
Tb927.5.4380,Tb927.5.4380:mRNA-p1;Tb05.5K5.30:mRNA-p1,Kinetoplastid-specific Protein Phosphatase 1,7674.63,376.73,4.348494370116855,5.380392160057028
Tb927.11.5700,Tb927.11.5700:mRNA-p1,"hypothetical protein, conserved",2898.73,376.73,2.9438181323552683,5.375279436336474
Tb927.11.6830,Tb927.11.6830:mRNA-p1,"Domain of unknown function(DUF2779), putative",4460.13,376.73,3.5654829326116846,5.372709530385925
Tb927.11.6160,Tb927.11.6160:mRNA-p1,"eukaryotic release factor 3, putative",1411071.33,249746.73,2.498253224698624,7.81123306545081
Tb927.10.1510,Tb927.10.1510:mRNA-p1,CCR4-NOT transcription complex subunit 1,1971.1299999999999,376.73,2.387420099597336,5.3724885434930245
Tb927.10.7620,Tb927.10.7620:mRNA-p1,"mitochondrial ATP-dependent zinc metallopeptidase, putative",7060.03,376.73,4.228071485345395,5.369623976640632
Tb927.11.6540,Tb927.11.6540:mRNA-p1,"hypothetical protein, conserved",20844.33,3402.43,2.6150176144806685,5.717146037938382
Tb927.8.6250,Tb927.8.6250:mRNA-p1,Nucleoporin NUP76,5720.03,376.73,3.924419884995984,5.367430471619611
Tb927.6.4390,Tb927.6.4390:mRNA-p1,"kinesin, putative",3975.93,376.73,3.399689528545809,5.365637715794608
Tb927.10.3540,Tb927.10.3540:mRNA-p1,"hypothetical protein, conserved",25852.33,376.73,6.100619578886761,5.363856319295069
Tb927.11.7170,Tb927.11.7170:mRNA-p1,seryl-tRNA synthetase,624831.33,120376.73,2.3759102622534956,7.390475853937815
Tb927.11.7210,Tb927.11.7210:mRNA-p1;Tb11.02.5050b.1-p1;Tb927.10.5140:mRNA-p1,"eukaryotic translation initiation factor 2-alpha kinase 1, putative",23666.33,1774.23,3.7375710521339225,6.112068504268197
Tb927.11.7510,Tb927.11.7510:mRNA-p1;Tb927.11.7460:mRNA-p1,"luminal binding protein 1 (BiP), putative",8401071.33,605686.73,3.7939296076324736,8.510839801449361
Tb927.11.7570,Tb927.11.7570:mRNA-p1,"ATP-grasp domain containing protein, putative",39204.33,2256.9300000000003,4.118579426147976,6.1916465985627305
Tb927.1.4250,Tb927.1.4250:mRNA-p1,"hypothetical protein, conserved",8496.83,376.73,4.4953218719406225,5.351776987317764
Tb927.11.760,Tb927.11.760:mRNA-p1,"protein phosphatase 2C, putative",266041.33,44596.73,2.576640553102641,6.922849969026768
Tb927.11.7890,Tb927.11.7890:mRNA-p1,zinc finger CCCH domain containing protein 44,97259.33,4111.93,4.563949043236228,6.3045982263436375
Tb927.11.11610,Tb927.11.11610:mRNA-p1,"Cactus-binding C-terminus of cactin protein, putative",7381.83,376.73,4.292375684821887,5.349335818117248
Tb927.11.16790,Tb927.11.16790:mRNA-p1,mitogen-activated protein kinase,7842.43,376.73,4.379697918341684,5.347251932885618
Tb927.11.8260,Tb927.11.8260:mRNA-p1,carbonic anhydrase-like protein,973991.33,178586.73,2.447284046117267,7.3625013239290125
Tb927.3.3180,Tb927.3.3180:mRNA-p1;Tb11.v5.0584.1-p1,Nucleoporin NUP98,5731.73,376.73,3.927367822754283,5.347173836413207
Tb927.9.15680,Tb927.9.15680:pseudogenic_transcript-p1;Tb09.v4.0010:mRNA-p1,transferrin receptor subunit,10742.33,376.73,4.833632212607715,5.3463138470591165
Tb927.11.8850,Tb927.11.8850:mRNA-p1,"Uncharacterised protein family (UPF0220), putative",272001.33,40866.73,2.7346149916827014,5.97172105070626
Tb927.8.3860,Tb927.8.3860:mRNA-p1,cytosolic iron-sulfur protein assembly 1,8386.83,376.73,4.47652278454158,5.3460007009567505
Tb927.11.9090,Tb927.11.9090:mRNA-p1,"Putative methyltransferase, putative",117341.33,12968.73,3.1776021377975585,6.3172482684453195
Tb927.10.4440,Tb927.10.4440:mRNA-p1;Tb10.v4.0034:mRNA-p1,predicted SAP domain protein,19346.33,376.73,5.68238517930337,5.324138352655017
Tb927.7.5460,Tb927.7.5460:mRNA-p1,exosome-associated protein 3,19306.33,376.73,5.679399210304811,5.323231468114774
Tb927.2.1140,Tb927.2.1140:pseudogenic_transcript-p1,"retrotransposon hot spot protein 3 (RHS3), interrupted",210901.33,49771.73,2.083169753994842,6.716203740999842
Tb927.11.14210,Tb927.11.14210:mRNA-p1,conserved protein,3272.13,376.73,3.118627238361528,5.311011748981288
Tb927.2.1700,Tb927.2.1700:mRNA-p1,Enriched in surface-labeled proteome protein 10,81688.33,16587.73,2.3000135199182274,6.508529718971286
Tb927.9.7670,Tb927.9.7670:mRNA-p1,"hypothetical protein, conserved",20628.33,376.73,5.774952296545898,5.310841945164296
Tb927.8.5510,Tb927.8.5510:mRNA-p1,"apurinic/apyrimidinic endonuclease, putative",10321.33,376.73,4.7759541538198205,5.307496037913213
Tb11.v5.0782,Tb11.v5.0782.1-p1;Tb927.2.3180:mRNA-p1,"hypothetical protein, conserved",5636.33,376.73,3.9031532535219715,5.305781151254982
Tb927.2.2470,Tb927.2.2470:mRNA-p1,Kinetoplastid RNA editing protein 1,10161.93,1601.53,2.665651703174263,5.662597301882015
Tb927.2.2530,Tb927.2.2530:mRNA-p1,"hypothetical protein, conserved",153641.33,5480.23,4.809186104551568,6.791304593857039
Tb927.3.4800,Tb927.3.4800:mRNA-p1,"hypothetical protein, conserved",5746.23,376.73,3.9310129111186223,5.302547372487486
Tb927.2.3030,Tb927.2.3030:mRNA-p1,"ATP-dependent Clp protease subunit, heat shock protein 78 (HSP78), putative",21786.33,1521.03,3.840302675384157,6.010384771498377
Tb927.2.3160,Tb927.2.3160:mRNA-p1,"Gar1/Naf1 RNA binding region, putative",156781.33,28445.73,2.462469758783525,6.496860487394367
Tb927.6.1590,Tb927.6.1590:mRNA-p1,conserved protein,9671.83,376.73,4.682186058250855,5.299964668624155
Tb927.2.4060,Tb927.2.4060:mRNA-p1,Dynein intermediate chain 138,5871.93,1262.8200000000002,2.2171857550105467,5.374968186299234
Tb927.2.4445,Tb927.2.4445:mRNA-p1,"hypothetical protein, conserved",238471.33,50588.73,2.236927903238652,5.9372771077853965
Tb927.10.3580,Tb927.10.3580:mRNA-p1,"Mitochondrial SSU ribosomal protein, putative",12426.33,376.73,5.043725539168381,5.292433298244021
Tb927.5.3670,Tb927.5.3670:mRNA-p1,"DNA repair protein, putative",2840.0299999999997,376.73,2.914303340815593,5.289633539009645
Tb927.10.7280,Tb927.10.7280:mRNA-p1,"pre-mRNA splicing factor ATP-dependent RNA helicase, putative",3166.33,376.73,3.0712087947359636,5.282576800709218
Tb927.2.6050,Tb927.2.6050:mRNA-p1,beta prime COP protein,15476.33,1174.29,3.7202027543789904,5.878981123393737
Tb927.2.820,Tb927.2.820:pseudogenic_transcript-p1;Tb11.v5.0670.1-p1;Tb11.1810b.1-p1;Tb11.1810.1-p1;Tb927.10.70:mRNA-p1;Tb11.v5.0532.1-p1;Tb927.4.100:pseudogenic_transcript-p1;Tb927.6.160:mRNA-p1;Tb927.4.200:mRNA-p1;Tb11.v5.0839.1-p1;Tb11.v5.0326.1-p1,"retrotransposon hot spot protein 1 (RHS1), interrupted",406961.33,23729.73,4.100124123663564,7.152135396861876
Tb927.6.3010,Tb927.6.3010:mRNA-p1,"PH domain containing protein, putative",6103.03,376.73,4.017922853557428,5.278319089178812
Tb927.5.2570,Tb927.5.2570:mRNA-p1,eukaryotic translation initiation factor 3 subunit b,5016.73,376.73,3.7351444658917603,5.276392863069535
Tb927.3.1340,Tb927.3.1340:mRNA-p1,Nuclear cap-binding protein subunit 66,60861.33,12062.73,2.3349694108484447,6.391076318121337
Tb927.3.1590,Tb927.3.1590:mRNA-p1,mitochondrial RNA binding complex 1 subunit,2788871.33,99073.73,4.815034995351481,7.979019980438029
Tb927.3.1600,Tb927.3.1600:mRNA-p1,Mitochondrial import inner membrane translocase subunit 10,407241.33,70165.73,2.5370455110326113,6.456548216372393
Tb927.7.6650,Tb927.7.6650:mRNA-p1,"Colon cancer-associated protein Mic1-like, putative",3730.93,376.73,3.3079324638813805,5.267406418752904
Tb927.11.9950,Tb927.11.9950:mRNA-p1,"hypothetical protein, conserved",4749.53,376.73,3.6561819269327565,5.262759495406119
Tb927.3.1920,Tb927.3.1920:mRNA-p1,General negative regulator of transcription subunit 5,48007.33,10460.73,2.198271167279421,6.254185409462092
Tb927.3.2110,Tb927.3.2110:mRNA-p1,Mitochondrial import inner membrane translocase subunit TIM50,15073.33,3755.83,2.0047945034014045,5.563029944315808
Tb927.5.2450,Tb927.5.2450:pseudogenic_transcript-p1,"5'-3' exoribonuclease B, putative (pseudogene)",7485.83,376.73,4.312559457051867,5.262118715431877
Tb927.5.760,Tb927.5.760:mRNA-p1,"Cell cycle sequence binding phosphoprotein, putative",7453.33,376.73,4.306282308564493,5.260190683269963
Tb927.9.5100,Tb927.9.5100:mRNA-p1;Tb927.9.5040:mRNA-p1,cAMP-specific phosphodiesterase,4112.93,376.73,3.448563689533028,5.258421757901637
Tb927.3.3170,Tb927.3.3170:mRNA-p1,SUMO-interacting motif-containing protein,9378.43,1528.53,2.6172015601408662,5.606381365110605
Tb927.8.5290,Tb927.8.5290:mRNA-p1,"WW domain containing protein, putative",7908.23,376.73,4.391752001909405,5.250297992339864
Tb927.3.3580,Tb927.3.3580:mRNA-p1,"heat shock protein 90, putative",13522.33,2456.03,2.460943672125393,5.7565752571203594
Tb927.3.3590,Tb927.3.3590:mRNA-p1,"U3 small nucleolar ribonucleoprotein protein MPP10, putative",53488.33,2052.63,4.7036786601381015,6.258828770593979
Tb11.v5.0489,Tb11.v5.0489.1-p1;Tb11.v5.1020.1-p1;Tb927.2.510:mRNA-p1;Tb11.v5.0294.1-p1;Tb11.0050:pseudogenic_transcript-p1;Tb927.4.290:mRNA-p1;Tb927.4.280:mRNA-p1;Tb927.4.270:mRNA-p1;Tb927.4.260:mRNA-p1;Tb927.4.300:mRNA-p1;Tb927.2.1180:mRNA-p1;Tb927.7.1970:mRNA-p1;Tb927.7.1960:mRNA-p1;Tb927.7.1950:mRNA-p1;Tb927.7.2000:mRNA-p1;Tb927.7.1990:pseudogenic_transcript-p1;Tb927.7.1980:mRNA-p1;Tb927.4.240:pseudogenic_transcript-p1,"retrotransposon hot spot (RHS) protein, putative",6031.53,376.73,4.000921184073606,5.24504357393061
Tb927.3.3940,Tb927.3.3940:mRNA-p1,"RNA-binding protein, putative",78388.33,18360.73,2.0940154705858296,6.305394366771732
Tb927.3.3950,Tb927.3.3950:mRNA-p1,"hypothetical protein, conserved",15427.33,3108.73,2.3110911710175595,5.669958084060207
Tb927.3.4040,Tb927.3.4040:mRNA-p1,"Ankyrin repeats (3 copies), putative",155871.33,5528.83,4.817237569380632,6.637789829362229
Tb11.v5.0325,Tb11.v5.0325.1-p1,"retrotransposon hot spot (RHS) protein, putative",8307.630000000001,376.73,4.462834135198773,5.232640402026943
Tb927.3.4230,Tb927.3.4230:mRNA-p1,"serine peptidase, clan SB, family S8-like protein",19284.33,2127.0299999999997,3.1805167363694467,6.138933940256924
Tb927.3.4270,Tb927.3.4270:mRNA-p1,"hypothetical protein, conserved",10195.33,1610.23,2.6625697948937583,5.807318503332022
Tb927.10.4200,Tb927.10.4200:mRNA-p1,"hypothetical protein, conserved",3313.83,376.73,3.1368967654050355,5.2296562496672125
Tb927.5.640,Tb927.5.640:mRNA-p1;Tb927.7.7480:mRNA-p1,"trans-sialidase, putative",4157.63,376.73,3.464158545567252,5.223807337592779
Tb927.3.4840,Tb927.3.4840:mRNA-p1,"ubiquitin carboxyl-terminal hydrolase, putative",8954.43,2111.4300000000003,2.0843811810269464,5.553409654654351
Tb927.3.4890,Tb927.3.4890:mRNA-p1,"ubiquinone biosynthesis protein COQ7 homolog, putative",222881.33,39160.73,2.508796208311974,6.417471693203293
Tb927.4.2760,Tb927.4.2760:mRNA-p1,"Protein of unknown function (DUF3808), putative",4669.93,376.73,3.6317980962234437,5.221283799492686
Tb927.3.5250,Tb927.3.5250:mRNA-p1,Zinc finger CCCH domain-containing protein 8,143711.33,7781.23,4.207031772178914,6.457564003967399
Tb927.6.2050,Tb927.6.2050:mRNA-p1,"ribosome biogenesis regulatory protein (RRS1), putative",18663.33,376.73,5.630531687976741,5.221231613181412
Tb927.11.12850,Tb927.11.12850:mRNA-p1,oligopeptidase b,4830.03,376.73,3.6804293213017623,5.2123474379880115
Tb927.11.12530,Tb927.11.12530:mRNA-p1,Flagellum attachment zone protein 3,3941.0299999999997,376.73,3.3869699030639864,5.209783014848515
Tb927.10.7470,Tb927.10.7470:mRNA-p1,"RNA-binding protein, putative",27131.33,376.73,6.170285037761964,5.208871138246926
Tb927.10.2700,Tb927.10.2700:mRNA-p1,predicted WD40 repeat protein,4851.83,376.73,3.686926173154975,5.201779353725061
Tb927.4.1080,Tb927.4.1080:mRNA-p1,"V-type ATPase, A subunit, putative",2449971.33,594776.73,2.042344756937868,7.9748385570638085
Tb927.11.3490,Tb927.11.3490:mRNA-p1,"hypothetical protein, conserved",3937.23,376.73,3.3855781638777884,5.199124114623325
Tb927.4.1500,Tb927.4.1500:mRNA-p1,RNA editing associated helicase 2,9799.53,1280.81,2.93565608015435,6.090716448481099
Tb927.4.1510,Tb927.4.1510:mRNA-p1,"phospholipid-translocating ATPase, putative",77465.33,8862.23,3.127809094925964,6.632356046239074
Tb927.4.1530,Tb927.4.1530:mRNA-p1,"hypothetical protein, conserved",23197.33,5755.129999999999,2.0110383392812134,6.086857915659847
Tb927.4.2130,Tb927.4.2130:mRNA-p1,"hypothetical protein, conserved",24937.33,4488.83,2.473895641422132,5.782795000389355
Tb927.4.2750,Tb927.4.2750:mRNA-p1,"hypothetical protein, conserved",231881.33,55630.73,2.0594327233795022,6.633922712153877
Tb927.8.5380,Tb927.8.5380:mRNA-p1,"ubiquitin fold modifier protein, putative",31725.33,376.73,6.3959604370624,5.19802442553312
Tb927.4.2850,Tb927.4.2850:mRNA-p1,"hypothetical protein, conserved",141461.33,8059.93,4.133496611185659,6.717187685296166
Tb927.4.2890,Tb927.4.2890:mRNA-p1,"hypothetical protein, conserved",54473.33,2880.63,4.2410937912148565,6.322591387701336
Tb927.4.2930,Tb927.4.2930:mRNA-p1,"OsmC-like protein, putative",77374.33,11559.73,2.7427473105117066,6.025551622782544
Tb927.4.3300,Tb927.4.3300:mRNA-p1,"mitochondrial ATP-dependent zinc metallopeptidase, putative",29435.33,3868.73,2.9276168505977305,6.095064689548636
Tb927.4.3420,Tb927.4.3420:mRNA-p1,wee1-like protein kinase,13054.33,2552.93,2.354302529258834,5.575741909831946
Tb927.5.4360,Tb927.5.4360:mRNA-p1;Tb05.5K5.20:mRNA-p1,"hypothetical protein, conserved",9370.13,376.73,4.636466235221849,5.1941812087938475
Tb927.10.450,Tb927.10.450:mRNA-p1,Component of motile flagella 62,4617.43,376.73,3.615487261621066,5.192037502713247
Tb927.11.6370,Tb927.11.6370:mRNA-p1,"leucine-rich repeat protein (LRRP), putative",5167.53,376.73,3.7778720306442355,5.189995339964319
Tb927.10.5540,Tb927.10.5540:mRNA-p1,"hypothetical protein, conserved",17336.33,376.73,5.5241237870690405,5.188900373175912
Tb927.10.15390,Tb927.10.15390:mRNA-p1;Tb11.v5.0434.1-p1,Flagellum attachment zone protein 7,2737.83,376.73,2.861430039584687,5.1874925189804255
Tb927.4.4460,Tb927.4.4460:mRNA-p1,adenylyl cyclase,2328.43,376.73,2.627754682245582,5.18514535767565
Tb927.4.4160,Tb927.4.4160:mRNA-p1,RNA editing mediator complex protein 5,69193.33,11135.73,2.6354368369653565,6.583142073859932
Tb927.4.4210,Tb927.4.4210:mRNA-p1,"ATP-dependent zinc metalloprotease AFG3-like, putative",48602.33,7355.530000000001,2.7241242752199515,6.433785829743799
Tb927.4.4310,Tb927.4.4310:mRNA-p1,Nucleoporin NUP64,257271.33,26667.73,3.270123763162222,6.8326047023949465
Tb927.11.6620,Tb927.11.6620:mRNA-p1,Nucleolar protein 47,7439.53,376.73,4.303608651891103,5.183639904221352
Tb927.11.7540,Tb927.11.7540:mRNA-p1,"electron-transfer-flavoprotein, alpha polypeptide, putative",13943.33,376.73,5.20990041868307,5.180383965589764
Tb927.11.6080,Tb927.11.6080:mRNA-p1,"hypothetical protein, conserved",12747.33,376.73,5.080520364448953,5.178746796528958
Tb927.9.14030,Tb927.9.14030:mRNA-p1,"hypothetical protein, conserved",3593.13,376.73,3.253638304644188,5.177709606083182
Tb927.4.4550,Tb927.4.4550:mRNA-p1,"hypothetical protein, conserved",88155.33,12831.73,2.7803321090042155,6.581688024904588
Tb927.4.4580,Tb927.4.4580:mRNA-p1,"hypothetical protein, conserved",20061.33,1293.1399999999999,3.955466874958318,6.074048069062633
Tb927.11.5230,Tb927.11.5230:mRNA-p1,"hypothetical protein, conserved",10180.33,376.73,4.756109594100797,5.176467484599134
Tb927.6.2440,Tb927.6.2440:mRNA-p1,"Mo25-like, putative",7252.63,376.73,4.266901421718537,5.172340173624813
Tb927.5.1090,Tb927.5.1090:mRNA-p1,"threonyl-tRNA synthetase, putative",51991.33,3577.23,3.8613562762337206,6.403292145158254
Tb927.5.1100,Tb927.5.1100:mRNA-p1,peroxisome targeting signal 1 receptor,141501.33,28928.73,2.2902407192831067,6.62808226099068
Tb927.11.12490,Tb927.11.12490:mRNA-p1,"hypothetical protein, conserved",7433.73,376.73,4.302483460552915,5.162116141062368
Tb927.5.1300,Tb927.5.1300:mRNA-p1,"V-type proton ATPase subunit a, putative",2275171.33,214596.73,3.406275192669941,7.998124145406234
Tb927.2.4130,Tb927.2.4130:mRNA-p1,"enoyl-CoA hydratase/Enoyl-CoA isomerase/3-hydroxyacyl-CoA dehydrogenase, putative",3540.43,376.73,3.232321763713608,5.160978460120009
Tb927.5.1580,Tb927.5.1580:mRNA-p1,zinc finger CCCH domain containing protein 13,252951.33,24322.73,3.378482752683151,6.839980557678342
Tb927.5.2060,Tb927.5.2060:mRNA-p1,Cell division cycle 5-like protein,11604.33,2356.23,2.3001109503494614,5.740307412133368
Tb927.5.2140,Tb927.5.2140:mRNA-p1,regulator of nonsense transcripts 1,247201.33,17575.73,3.81402998795303,7.103221992452924
Tb927.7.460,Tb927.7.460:mRNA-p1,protein farnesyltransferase beta subunit,5701.43,376.73,3.919720984595783,5.157698479275516
Tb927.11.10960,Tb927.11.10960:mRNA-p1,"2OG-Fe(II) oxygenase superfamily, putative",4652.23,376.73,3.626319594908345,5.156518864747027
Tb927.11.8090,Tb927.11.8090:mRNA-p1,"protein phosphatase 1, putative",9476.43,376.73,4.652740834844643,5.144823193989894
Tb927.5.2770,Tb927.5.2770:mRNA-p1,"SET domain containing protein, putative",26828.33,4902.83,2.452070609234403,5.925281143046705
Tb927.10.15650,Tb927.10.15650:mRNA-p1;Tb11.v5.0465.1-p1,"Mitochondrial SSU ribosomal protein, putative",5069.13,376.73,3.7501353343609938,5.137164145129356
Tb927.5.310,Tb927.5.310:mRNA-p1;Tb11.v5.0208.1-p1,"invariant surface glycoprotein, putative",727981.33,7174.33,6.664913534001349,7.208468230265617
Tb927.5.3400,Tb927.5.3400:mRNA-p1,calcium-translocating P-type ATPase,222431.33,18571.73,3.582179892462965,7.05311687492293
Tb11.v5.0553,Tb11.v5.0553.1-p1;Tb927.6.1670:pseudogenic_transcript-p1,"ubiquitin hydrolase, putative",5057.93,376.73,3.7469442421692296,5.136149586088531
Tb927.5.1200,Tb927.5.1200:mRNA-p1,exosome complex component CSL4,15230.33,376.73,5.337272467775024,5.132035438327499
Tb927.4.890,Tb927.4.890:mRNA-p1,small nuclear ribonucleoprotein sm d3,22636.33,376.73,5.9089653410952545,5.129657673312688
Tb927.5.4060,Tb927.5.4060:mRNA-p1,"Nicastrin, putative",389971.33,36671.73,3.410627831150505,7.106632788920115
Tb927.5.420,Tb927.5.420:mRNA-p1;Tb11.v5.0225.1-p1,"invariant surface glycoprotein, putative",84245.33,5010.129999999999,4.071676771858552,6.152074202768228
Tb927.10.13180,Tb927.10.13180:mRNA-p1,"Nrap protein, putative",1971.83,376.73,2.3879323475223626,5.124602027893339
Tb927.5.530,Tb927.5.530:mRNA-p1,"hypothetical protein, conserved",87120.33,19607.73,2.1515868953695856,6.4731949092049375
Tb927.11.12220,Tb927.11.12220:mRNA-p1,catalytic subunit of the vacuolar transporter chaperone 4,3065.83,376.73,3.0246748733329936,5.114777731971562
Tb927.6.3100,Tb927.6.3100:mRNA-p1,"Intraflagellar transport complex B protein 46 C terminal, putative",6344.23,376.73,4.073842246041111,5.112705521030892
Tb927.6.1500,Tb927.6.1500:mRNA-p1,alkyl-dihydroxyacetone phosphate synthase,56537.33,7122.43,2.9887623101059666,6.356408327038981
Tb927.1.630,Tb927.1.630:mRNA-p1,histone chaperone ASF1A,32488.33,376.73,6.430246852931908,5.11149774880803
Tb927.11.1700,Tb927.11.1700:mRNA-p1,"hypothetical protein, conserved",6034.33,376.73,4.001590766877816,5.110556042755381
Tb927.8.3100,Tb927.8.3100:mRNA-p1,"coronin, putative",6285.93,376.73,4.060523377830655,5.1085988459735665
Tb927.6.2230,Tb927.6.2230:mRNA-p1,RGG protein,11074.33,1952.73,2.5036550283533394,5.573289438604204
Tb927.6.2380,Tb927.6.2380:mRNA-p1,"hypothetical protein, conserved",128301.33,6617.83,4.277034083657774,6.708089315956465
Tb927.10.11230,Tb927.10.11230:mRNA-p1,"Ras-induced vulval development antagonist, putative",8717.83,376.73,4.5323662424595845,5.107888025182799
Tb927.6.2550,Tb927.6.2550:mRNA-p1,"RNA-binding protein, putative",299321.33,17370.73,4.1069648014081155,7.031368062885773
Tb927.10.2610,Tb927.10.2610:mRNA-p1,"Domain of unknown function (DUF1935), putative",6272.43,376.73,4.057421636750736,5.107616929991784
Tb927.3.4010,Tb927.3.4010:mRNA-p1,hypothetical protein,10831.33,376.73,4.8455356714604205,5.106938450738178
Tb927.5.840,Tb927.5.840:mRNA-p1,Nucleolar protein 111,3143.5299999999997,376.73,3.0607827028441315,5.106564834846764
Tb927.10.2690,Tb927.10.2690:mRNA-p1,"Trafficking protein Mon1, putative",4550.53,376.73,3.5944317571459106,5.103803720955957
Tb927.10.4740,Tb927.10.4740:mRNA-p1,"nucleolar RNA-binding protein, putative",63188.33,376.73,7.389983403742598,5.1004739362576546
Tb927.8.4590,Tb927.8.4590:mRNA-p1,"hypothetical protein, conserved",12034.33,376.73,4.997481089676346,5.074194530401819
Tb927.6.3550,Tb927.6.3550.2:mRNA-p1;Tb927.6.3550.1:mRNA-p1,"phospholipid-translocating P-type ATPase (flippase), putative",47513.33,6554.83,2.8577020527899566,6.43608309864198
Tb927.6.3600,Tb927.6.3600:mRNA-p1,"LSU ribosomal protein, mitochondrial, putative",29992.33,6411.629999999999,2.2258305260405615,5.952497002962261
Tb927.6.3800,Tb927.6.3800:mRNA-p1;Tb927.6.3750:mRNA-p1;Tb927.6.3740:mRNA-p1,"heat shock 70 kDa protein, mitochondrial precursor, putative",1440671.33,115926.73,3.6354560797277182,7.723513136312176
Tb927.6.4020,Tb927.6.4020:mRNA-p1,"hypothetical protein, conserved",1674271.33,354476.73,2.239770519471754,7.006080782716094
Tb927.11.11120,Tb927.11.11120:mRNA-p1,"hypothetical protein, conserved",11911.33,376.73,4.982659777527246,5.069668096911595
Tb927.6.4550,Tb927.6.4550:mRNA-p1,"hypothetical protein, conserved",672151.33,77237.73,3.1214084123730856,7.546493309028177
Tb927.6.4770,Tb927.6.4770:mRNA-p1,"protein mkt1, putative",92368.33,19512.73,2.242982647111401,6.56513915196979
Tb927.6.740,Tb927.6.740:mRNA-p1,"ATP-dependent DEAH-box RNA helicase, putative",48347.33,5162.43,3.227313998964925,6.575222494700846
Tb927.2.100,Tb927.2.100:mRNA-p1,"retrotransposon hot spot protein 1 (RHS1), putative",2372.83,376.73,2.65500591463234,5.066996420449695
Tb927.10.4700,Tb927.10.4700:mRNA-p1,"dolicholphosphate-mannose synthase, putative",9774.23,376.73,4.6973802248536645,5.061565561884839
Tb927.11.10650,Tb927.11.10650:mRNA-p1,Adaptor protein complex AP-3 subunit beta-3,2246.83,376.73,2.5762881426609514,5.041392685158225
Tb927.7.1910,Tb927.7.1910:mRNA-p1,"pyridoxal phosphate containing glycine decarboxylase, putative",50585.33,8199.53,2.6251059353445454,6.36726271478424
Tb927.1.2640,Tb927.1.2640:mRNA-p1,"hypothetical protein, conserved",6499.93,376.73,4.108821352771386,5.031771907514002
Tb927.9.7210,Tb927.9.7210:mRNA-p1,mitochondrial exoribonuclease DSS-1,3078.33,376.73,3.0305450697118728,5.031650793551264
Tb927.9.5490,Tb927.9.5490:mRNA-p1,"cation transporter, putative",3397.93,376.73,3.1730533036184583,5.027268042466619
Tb927.7.3050,Tb927.7.3050:mRNA-p1,"Mitochondrial SSU ribosomal protein, putative",19369.33,3272.93,2.5651193987821412,6.129593228367933
Tb927.7.6820,Tb927.7.6820:mRNA-p1,"hypothetical protein, conserved",6775.33,376.73,4.168688387677701,5.0239106063509205
Tb927.7.3290,Tb927.7.3290:mRNA-p1,"WD domain, G-beta repeat, putative",31497.33,4724.43,2.737017353303895,5.698483321923233
Tb927.7.3410,Tb927.7.3410:mRNA-p1,centrin-4,156951.33,28645.73,2.453925245718758,6.170379076423075
Tb927.7.3470,Tb927.7.3470:mRNA-p1,"p22 protein precursor, putative",133201.33,27457.73,2.2783242233466434,6.283617786365643
Tb927.11.11140,Tb927.11.11140:mRNA-p1,hypothetical protein,2031.03,376.73,2.4306087210252327,5.017617573339674
Tb927.7.3820,Tb927.7.3820:mRNA-p1,"hypothetical protein, conserved",475931.33,2159.4300000000003,7.7839590673620105,7.141418415266088
Tb927.7.3880,Tb927.7.3880:mRNA-p1,Basal body protein,204561.33,14602.73,3.8082234325087665,6.952467932422607
Tb927.7.4030,Tb927.7.4030:mRNA-p1,"hypothetical protein, conserved",241331.33,38689.73,2.64099265463177,6.877705290124523
Tb927.8.8190,Tb927.8.8190:mRNA-p1;Tb927.4.4140:mRNA-p1,"hypothetical protein, conserved",2905.63,376.73,2.947248174761757,5.016615547557177
Tb927.8.7550,Tb927.8.7550:mRNA-p1,hypothetical protein,5103.63,376.73,3.759920912657538,5.015275906681875
Tb927.9.11850,Tb927.9.11850:mRNA-p1,"structural maintenance of chromosome 1, putative",1657.1299999999999,376.73,2.137083956245369,5.004450352989225
Tb927.7.5210,Tb927.7.5210:mRNA-p1,"Putative Phosphatase/Protein of unknown function DUF89, putative",69063.33,16212.73,2.0907928564930667,6.561494933794829
Tb927.10.3090,Tb927.10.3090:mRNA-p1,"hypothetical protein, conserved",2198.53,376.73,2.5449363903828552,4.997084807688541
Tb927.7.5290,Tb927.7.5290:mRNA-p1,"hypothetical protein, conserved",198771.33,2504.53,6.310425980258047,6.858915987351028
Tb927.7.5450,Tb927.7.5450:mRNA-p1,lipin,43035.33,2449.83,4.134767986129247,6.25466889905492
Tb927.2.1210,Tb927.2.1210:mRNA-p1,"retrotransposon hot spot protein 4 (RHS4), putative",2109.83,376.73,2.4855239295861495,4.995033785000719
Tb927.7.5560,Tb927.7.5560:mRNA-p1,"glucosamine-fructose-6-phosphate aminotransferase, putative",25887.33,1609.43,4.0076244392091205,5.962009247710828
Tb927.9.7760,Tb927.9.7760:mRNA-p1,"DENN (AEX-3) domain containing protein, putative",2420.33,376.73,2.6836009366593205,4.985448929266787
Tb927.7.6090,Tb927.7.6090:mRNA-p1,eukaryotic translation initiation factor 3 subunit a,14857.33,1537.13,3.2728637848557263,5.768142115745665
Tb927.7.6050,Tb927.7.6050:mRNA-p1,"receptor-type adenylate cyclase GRESAG 4, putative",1790.9299999999998,376.73,2.2491061209108563,4.980253416828985
Tb927.7.6460,Tb927.7.6460.2:mRNA-p1;Tb927.7.6460.1:mRNA-p1,"Defective in exine formation 1 homolog, putative",656571.33,141036.73,2.2188808235958812,7.378615902031224
Tb927.4.4510,Tb927.4.4510:mRNA-p1,"protein phosphatase 2C, putative",1518.73,376.73,2.011262581569891,4.974589978429629
Tb927.11.5060,Tb927.11.5060:mRNA-p1,"Mitochondrial small ribosomal subunit Rsm22, putative",1871.83,376.73,2.312846586429188,4.9709462909496835
Tb927.7.6980,Tb927.7.6980:mRNA-p1,"Mono-functional DNA-alkylating methyl methanesulfonate N-term/CPSF A subunit region, putative",28542.33,4410.83,2.6939810483613744,6.385677756518711
Tb927.7.700,Tb927.7.700:mRNA-p1,Nucleolar protein 74,58494.33,5031.33,3.5392850646846687,6.317708237610302
Tb927.7.7050,Tb927.7.7050:mRNA-p1,"hypothetical protein, conserved",55123.33,10278.33,2.423057166153737,6.413986713695285
Tb927.8.6210,Tb927.8.6210:mRNA-p1,"phosphatidylinositol 3-kinase, putative",2147.03,376.73,2.5107395212426034,4.967824002431379
Tb927.10.14380,Tb927.10.14380:mRNA-p1,"Hsp70 protein, putative",2145.23,376.73,2.5095295054346933,4.967412237983063
Tb927.8.4110,Tb927.8.4110:mRNA-p1;Tb927.8.4060:mRNA-p1,"Flagellum adhesion protein 3, putative",3872.23,376.73,3.3615618187748817,4.966240318133762
Tb927.3.2200,Tb927.3.2200:mRNA-p1,"TPR repeat, putative",3869.43,376.73,3.3605182321821796,4.948187935121848
Tb927.8.1210,Tb927.8.1210:mRNA-p1,"hypothetical protein, conserved",227071.33,2069.9300000000003,6.777419772697226,6.982320993098171
Tb927.5.3430,Tb927.5.3430:mRNA-p1,"ubiquitin-activating enzyme E1, putative",2387.33,376.73,2.6637951749911206,4.9476297473843545
Tb927.8.1860,Tb927.8.1860:mRNA-p1,pitrilysin-like metalloprotease,41496.33,4971.93,3.0611058580218464,6.394399142025591
Tb927.8.1870,Tb927.8.1870:mRNA-p1,Golgi/lysosome glycoprotein 1,33948171.33,5702576.73,2.573648004889923,9.060660073974015
Tb11.v5.0365,Tb11.v5.0365.1-p1;Tb11.v5.0366.1-p1;Tb927.11.12880:mRNA-p1,"hypothetical protein, conserved",2374.83,376.73,2.6562214145849308,4.945182900713375
Tb927.8.2860,Tb927.8.2860:mRNA-p1,"hypothetical protein, conserved",20769.33,2049.73,3.3409488880462304,6.000954398406458
Tb927.11.16670,Tb927.11.16670:mRNA-p1,"hypothetical protein, conserved",3430.63,376.73,3.186870708298936,4.944487607286695
Tb927.2.4530,Tb927.2.4530:mRNA-p1,"hypothetical protein, conserved",10888.33,376.73,4.8531079636711025,4.9331530866148965
Tb927.11.7590,Tb927.11.7590:mRNA-p1,"hypothetical protein, conserved",2035.03,376.73,2.4334472339960955,4.933137889537408
Tb927.8.3710,Tb927.8.3710:mRNA-p1,3'-5' exonuclease,941611.33,3009.43,8.289497609850766,7.566071988937699
Tb927.8.3800,Tb927.8.3800:mRNA-p1,"guanosine diphosphatase, putative",107161.33,9312.43,3.524482905743748,6.569338790042923
Tb11.v5.0624,Tb11.v5.0624.1-p1,"retrotransposon hot spot protein (PHS), putative",2958.43,376.73,2.9732289310275557,4.922279000090958
Tb927.1.3200,Tb927.1.3200:mRNA-p1,"Suppressor of G2 allele of SKP1, putative",7028.33,376.73,4.221579102984726,4.915315395513
Tb927.9.12880,Tb927.9.12880:mRNA-p1,"STE20-like serine/threonine-protein kinase 2, putative",2382.13,376.73,2.660649318988493,4.912753303671323
Tb927.10.6220,Tb927.10.6220:mRNA-p1,5'-3' exoribonuclease D,2193.33,376.73,2.5415200621218186,4.907851881680679
Tb927.8.4540,Tb927.8.4540:mRNA-p1,"PAB1-binding protein , putative",876471.33,119576.73,2.8737702362255506,7.1741470650970305
Tb927.10.9920,Tb927.10.9920:mRNA-p1,"hypothetical protein, conserved",4403.23,376.73,3.546959375957379,4.905293858811138
Tb927.8.3150,Tb927.8.3150:mRNA-p1,"T-complex protein 1, gamma subunit, putative",2453.33,376.73,2.7031384768061,4.902389121915421
Tb927.8.5050,Tb927.8.5050:mRNA-p1,"OTU-like cysteine protease, putative",10900.33,1698.63,2.681928271991175,5.625085982478932
Tb927.8.5240,Tb927.8.5240:mRNA-p1,"Domain of unknown function DUF221, putative",48702.33,7634.43,2.6733984428740354,6.348616352738332
Tb927.10.10170,Tb927.10.10170:mRNA-p1,"pre-mRNA splicing factor 46, putative",3963.13,376.73,3.3950374633077764,4.901060353702031
Tb927.5.4330,Tb927.5.4330:mRNA-p1,"dihydrolipoamide branched chain transacylase, putative",3483.83,376.73,3.2090713980816057,4.900361665798441
Tb927.11.7010,Tb927.11.7010:mRNA-p1,"Calcium/calmodulin-dependent protein kinase kinase, putative",2500.83,376.73,2.7308041615785013,4.8987416318264945
Tb927.10.14300,Tb927.10.14300:mRNA-p1,"MEKK-related kinase 1, putative",1780.23,376.73,2.2404608162301325,4.8967300896277655
Tb927.11.8050,Tb927.11.8050:mRNA-p1,"Sas10/Utp3/C1D family/Sas10 C-terminal domain containing protein, putative",3067.43,376.73,3.025427592806092,4.8931789839827005
Tb927.11.1550,Tb927.11.1550:mRNA-p1,"XRN 5'-3' exonuclease N-terminus, putative",2668.73,376.73,2.82455052435628,4.888847557356397
Tb927.8.6900,Tb927.8.6900:mRNA-p1,"transport protein particle (TRAPP) component, putative",205781.33,29474.73,2.803561593504487,6.484470675701931
Tb927.8.6980,Tb927.8.6980:mRNA-p1,Flagellum attachment zone protein 14,19399.33,3917.33,2.3080642538485443,6.000781027353495
Tb927.3.1610,Tb927.3.1610:mRNA-p1,"CMGC/CLK family protein kinase, putative",2186.13,376.73,2.5367763660255016,4.872441822203571
Tb927.7.4200,Tb927.7.4200:mRNA-p1,"hypothetical protein, conserved",4522.13,376.73,3.5853996380126945,4.869020389925659
Tb927.8.7580,Tb927.8.7580:mRNA-p1,"RING-variant domain containing protein, putative",25090.33,1795.33,3.8048104902593174,6.000347296685364
Tb11.v5.0753,Tb11.v5.0753.1-p1;Tb927.10.840:mRNA-p1,"hypothetical protein, conserved",1921.73,376.73,2.3508028254271003,4.855930843667645
Tb927.8.7780,Tb927.8.7780:mRNA-p1,"hypothetical protein, conserved",134571.33,15837.73,3.086933605172142,6.743885885839037
Tb927.11.9060,Tb927.11.9060:mRNA-p1,"DnaJ domain containing protein, putative",3279.73,376.73,3.1219742229517027,4.834960851257644
Tb927.8.8150,Tb927.8.8150:mRNA-p1,"C2 domain containing protein, putative",430561.33,24296.73,4.147384687133391,6.560444673193188
Tb927.8.8170,Tb927.8.8170:mRNA-p1,RNA editing mediator complex protein 5,44852.33,8291.53,2.4354726869272163,6.4021925778788225
Tb927.10.3520,Tb927.10.3520:mRNA-p1,protease regulatory ATPase subunit 4,2821.63,376.73,2.9049259913415764,4.821231767903602
Tb927.7.7170,Tb927.7.7170:mRNA-p1,"CYC2-like cyclin, putative",2442.0299999999997,376.73,2.6964780951725302,4.818555779297802
Tb927.11.8700,Tb927.11.8700:mRNA-p1,"hypothetical protein, conserved",2378.23,376.73,2.6582854171330457,4.806186759782153
Tb927.9.11480,Tb927.9.11480:mRNA-p1,Enriched in surface-labeled proteome protein 9,909311.33,193146.73,2.2350770761487895,7.422359993600072
Tb927.10.9010,Tb927.10.9010:mRNA-p1,"leucine-rich repeat protein (LRRP), putative",4790.33,376.73,3.668522216319107,4.778498547069007
Tb927.9.12070,Tb927.9.12070:mRNA-p1,"hypothetical protein, conserved",20306.33,4870.33,2.059838088560224,6.024895960107485
Tb927.9.12150,Tb927.9.12150:mRNA-p1,"transport protein particle (TRAPP) subunit, putative",58503.33,11993.73,2.2862383443256604,5.886174759729732
Tb927.11.16610,Tb927.11.16610:mRNA-p1,"zinc-finger of a C2HC-type, putative",2069.93,376.73,2.4579791515406413,4.7698055006497455
Tb927.9.12510,Tb927.9.12510:mRNA-p1,"ATP-dependent DEAD/H RNA helicase, putative",26230.33,2870.83,3.1916961509655533,6.118430077122089
Tb927.4.3850,Tb927.4.3850:mRNA-p1,"NLE (NUC135) domain/WD domain, G-beta repeat, putative",2954.83,376.73,2.9714723017608358,4.766814235232483
Tb927.11.11300,Tb927.11.11300:mRNA-p1,"hypothetical protein, conserved",7124.13,376.73,4.241111014180949,4.7452466007336005
Tb11.v5.0515,Tb11.v5.0515.1-p1;Tb927.10.15300:mRNA-p1,"protein kinase, putative",1554.1299999999999,376.73,2.044504358901903,4.742819362198332
Tb927.9.14230,Tb927.9.14230:mRNA-p1,"hypothetical protein, conserved",334091.33,31525.73,3.4056408611467566,6.516614689845596
Tb927.9.15060,Tb927.9.15060:mRNA-p1,"rRNA processing protein, putative",31439.33,5271.43,2.576304187611258,5.704390771429506
Tb927.9.15460,Tb927.9.15460:mRNA-p1,"calcium motive p-type ATPase, putative",807191.33,163376.73,2.304708165782268,7.676976951469455
Tb927.11.5800,Tb927.11.5800:mRNA-p1,"hypothetical protein, conserved",1720.1299999999999,376.73,2.1909147731408813,4.72146436017342
Tb927.9.1970,Tb927.9.1970:mRNA-p1,"syntaxin binding protein 1, putative",96903.33,8772.83,3.465432026093364,6.6127838567197355
Tb927.7.4700,Tb927.7.4700:mRNA-p1;Tb11.v5.0154.1-p1,"WD domain, G-beta repeat, putative",1542.1299999999999,376.73,2.03332155954261,4.716762694739536
Tb927.9.2650,Tb927.9.2650:mRNA-p1,Present in the outer mitochondrial membrane proteome 2,199311.33,16839.73,3.5650828113396726,6.765012520673689
Tb927.3.980,Tb927.3.980:mRNA-p1,"hypothetical protein, conserved",2001.33,376.73,2.409356244775415,4.709617596682409
Tb927.9.4190,Tb927.9.4190:mRNA-p1,fatty acyl CoA syntetase 1,69553.33,11524.73,2.5933866364691887,6.485735618879807
Tb927.9.4210,Tb927.9.4210:mRNA-p1;Tb927.9.4230:mRNA-p1;Tb11.v5.0561.1-p1;Tb927.9.4200:mRNA-p1,fatty acyl CoA synthetase 3,635401.33,29431.73,4.432223858213182,7.313719619495093
Tb927.10.7070,Tb927.10.7070:mRNA-p1,small nuclear RNA-activating protein,4614.33,376.73,3.614518355411447,4.689060112123953
Tb927.9.5150,Tb927.9.5150:mRNA-p1,"ribosomal protein S6, putative",1058771.33,229236.73,2.20748090740379,6.954835640017621
Tb927.11.5040,Tb927.11.5040:mRNA-p1,"leucine-rich repeat protein (LRRP), putative",2017.33,376.73,2.4208442744294447,4.646452740892937
Tb927.9.5520,Tb927.9.5520:mRNA-p1,"ubiquitin carboxyl-terminal hydrolase, putative",100341.33,7193.129999999999,3.80215247780989,6.792755783819695
Tb927.11.12630,Tb927.11.12630:mRNA-p1,"hypothetical protein, conserved",2090.23,376.73,2.472058870483647,4.644773290674076
Tb927.4.1340,Tb927.4.1340:mRNA-p1,Cleavage and polyadenylation specificity factor subunit,1546.9299999999998,376.73,2.0378050864211605,4.629857934678262
Tb927.9.6560,Tb927.9.6560:mRNA-p1,"NAK family pseudokinase, putative",186931.33,24150.73,2.9523696844926643,6.800448997381917
Tb927.9.7700,Tb927.9.7700:mRNA-p1,"palmitoyl acyltransferase 1, putative",77994.33,7559.030000000001,3.3670962273455296,6.509229412797779
Tb927.9.8820,Tb927.9.8820:mRNA-p1,"hypothetical protein, conserved",37398.33,2843.23,3.717371134773621,6.288919605661727
Tb927.9.9290,Tb927.9.9290:mRNA-p1,polyadenylate-binding protein 1,618061.33,80397.73,2.9425233302007157,7.290969008948517
Tb927.9.9750,Tb927.9.9750:mRNA-p1,"membrane- trafficking protein, putative",2597771.33,642726.73,2.014997064322854,7.288696260590256
